{"cameraMode":{"drawMode":0,"name":"Shaded","section":"Shading Mode"},"sceneLighting":true,"audioPlay":false,"sceneViewState":{"m_AlwaysRefresh":false,"showFog":true,"showSkybox":true,"showFlares":true,"showImageEffects":true,"showParticleSystems":true,"showVisualEffectGraphs":true,"m_FxEnabled":true},"in2DMode":false,"pivot":{"x":16.50494956970215,"y":-9.48893928527832,"z":37.6456298828125},"rotation":{"x":0.5103546977043152,"y":0.0019271884812042118,"z":-0.0011398490751162172,"w":0.8599683046340942},"size":101.68132781982422,"orthographic":false}